FID,CellKey,RID,numPixels,avg_Band1,mode_Band1
2,5-1-1,bio1_37.bil,2515676,35935.132942,55537.000000
4,1-0-1,bio1_37.bil,408307,55537.000000,55537.000000
